{
    "vehicle_location": {
        "x": -104.73725128173828,
        "y": -204.12551879882812,
        "z": 0.3
    },
    "vehicle_velocity": {
        "x": -7.735966205596924,
        "y": 0.03665131703019142,
        "z": -0.00182085030246526
    }
}